{
    "HToUpsilonPhoton": {
        "Cat0": {
            "nCombBCKG": 10.0,
            "nPeakBCKG": 10.0,
            "nTotalBCKG": 231.99767361535527
        }
    },
    "ZToUpsilonPhoton": {
        "Cat0": {
            "nCombBCKG": 10.0,
            "nPeakBCKG": 10.0,
            "nTotalBCKG": 453.90308512281496
        },
        "Cat1": {
            "nCombBCKG": 10.0,
            "nPeakBCKG": 10.0,
            "nTotalBCKG": 199.9983307957376
        },
        "Cat2": {
            "nCombBCKG": 10.0,
            "nPeakBCKG": 10.0,
            "nTotalBCKG": 149.995007276168
        },
        "Cat3": {
            "nCombBCKG": 10.0,
            "nPeakBCKG": 10.0,
            "nTotalBCKG": 103.96991840937453
        }
    }
}