{
    "HToUpsilonPhoton": {
        "Cat0": {
            "nCombBCKG": 10.0,
            "nPeakBCKG": 10.0,
            "nTotalBCKG": 230.85323200090312
        }
    },
    "ZToUpsilonPhoton": {
        "Cat0": {
            "nCombBCKG": 10.0,
            "nPeakBCKG": 10.0,
            "nTotalBCKG": 446.90233302571517
        },
        "Cat1": {
            "nCombBCKG": 10.0,
            "nPeakBCKG": 10.0,
            "nTotalBCKG": 196.94055256243524
        },
        "Cat2": {
            "nCombBCKG": 10.0,
            "nPeakBCKG": 10.0,
            "nTotalBCKG": 145.99576951689764
        },
        "Cat3": {
            "nCombBCKG": 10.0,
            "nPeakBCKG": 10.0,
            "nTotalBCKG": 103.96993303575974
        }
    }
}