{
  "ZToUpsilonPhoton": {
    "Cat0": {
      "mean_m": 9.4603000000000002, 
      "bkg_a1": 0.015479868207831204, 
      "mscale": 1.0004762856151181, 
      "shift2": 0.56296000000000035, 
      "shift3": 0.89489999999999981, 
      "fbckg1S": 0.18972883189685746, 
      "fbckg3S": 0.095055518265077021, 
      "sigmaUpsilon": 0.096833473263100989, 
      "fbckg2S": 0.11728347991149757
    }
  }
}
